{
  "accuracy": [
    0.8890106081962585, 0.9148872494697571, 0.9295540452003479,
    0.9414894580841064, 0.9498115181922913, 0.955089271068573,
    0.9606515169143677, 0.9615193009376526, 0.968091607093811,
    0.9692581295967102
  ],
  "loss": [
    0.37725627422332764, 0.2978067398071289, 0.24825115501880646,
    0.21269826591014862, 0.1912938505411148, 0.17099177837371826,
    0.15785397589206696, 0.15984191000461578, 0.1434003710746765,
    0.13881434500217438
  ],
  "val_accuracy": [
    0.9226610660552979, 0.9355793595314026, 0.9363760352134705,
    0.9470748901367188, 0.9355224370956421, 0.9572615623474121,
    0.9447416067123413, 0.9570908546447754, 0.9618711471557617,
    0.9401889443397522
  ],
  "val_loss": [
    0.2573467791080475, 0.21759560704231262, 0.23188859224319458,
    0.2195444107055664, 0.3433750569820404, 0.18076321482658386,
    0.24742615222930908, 0.2086375206708908, 0.17539623379707336,
    0.3456450402736664
  ]
}
